VendorID,VendorName,Country
1,Tri-State Fabricators,USA
2,RDM Industrial Products,USA
3,Bermar Associates,USA
4,Leveno,Hong Kong
5,Sony,Japan
6,IBM,USA
7,US Foods,USA
8,Goya,USA
9,Alibaba,China
10,Ingram Content Group,USA
11,Gadners Books,UK
12,Sandhill Books,CA
13,Bloom Wholesate,USA
14,Chinabrands,China
15,Parisian,UK
16,Double R Toys,China
17,Hasbro,USA
18,Mino Mart,Vietnam
19,3M,USA
20,Ningbo Syloon ,China
21,Kelwek Holdings,Kenya
22,Gympros,USA
23,Exigo,UK
24,Hammer,Germany
25,Nutrix,USA
26,International Cosmetics,UK
27,Guangzhou Duoduo,China
28,IDR Outdoor,USA
29,Foshan Shunds Ciao Furniture,China
30,Tres Irmaos,Brazil
